InvoiceNo,AmountCancelled,CustomerID,Daytime,Daytime_Monetary_1,Daytime_Monetary_2,Discount,InvoiceDate,MonthOrder,Month_12,Ordersep,QuantUnitPrice_01,QuantUnitPrice_02,QuantUnitPrice_03,QuantUnitPrice_04,QuantUnitPrice_05,QuantUnitSavings_01,QuantUnitSavings_02,QuantUnitSavings_03,QuantUnitSavings_04,QuantUnitSavings_05,TotalInvoice,TotalInvoiceInit,TotalSavings,Weekday,Weekday_2_Wednesday,Weekday_3_Thursday
536365,0.0,17850.0,1.0,139.12,,1.0,2010-12-01 08:26:00,Month_12,139.12,0,0.0,37.3,61.02,25.5,15.3,0.0,0.0,0.0,0.0,0.0,139.12,139.12,0.0,Weekday_2_Wednesday,139.12,
536365,0.0,17850.0,1.0,139.12,0.0,1.0,2010-12-01 08:26:00,Month_12,139.12,0,0.0,0.0,15.3,108.52,15.3,0.0,0.0,0.0,0.0,0.0,139.12,139.12,0.0,Weekday_2_Wednesday,139.12,0.0
536366,0.0,17850.0,1.0,22.20000000000001,,1.0,2010-12-01 08:28:00,Month_12,22.20000000000001,0,22.20000000000001,0.0,0.0,0.0,0.0,0.0,0.0,0.0,0.0,0.0,22.20000000000001,22.20000000000001,0.0,Weekday_2_Wednesday,22.20000000000001,
536366,0.0,17850.0,1.0,22.20000000000001,0.0,1.0,2010-12-01 08:28:00,Month_12,22.20000000000001,0,0.0,0.0,22.20000000000001,0.0,0.0,0.0,0.0,0.0,0.0,0.0,22.20000000000001,22.20000000000001,0.0,Weekday_2_Wednesday,22.20000000000001,0.0
536367,0.0,13047.0,1.0,278.73,0.0,1.0,2010-12-01 08:34:00,Month_12,278.73,0,0.0,0.0,89.18,55.5,134.05,0.0,0.0,0.0,0.0,0.0,278.73,278.73,0.0,Weekday_2_Wednesday,278.73,0.0
536368,0.0,13047.0,1.0,70.05000000000001,0.0,1.0,2010-12-01 08:34:00,Month_12,70.05000000000001,0,0.0,0.0,0.0,25.5,44.55,0.0,0.0,0.0,0.0,0.0,70.05000000000001,70.05000000000001,0.0,Weekday_2_Wednesday,70.05000000000001,0.0
536368,0.0,13047.0,1.0,70.05000000000001,,1.0,2010-12-01 08:34:00,Month_12,70.05000000000001,0,0.0,0.0,25.5,44.55,0.0,0.0,0.0,0.0,0.0,0.0,70.05000000000001,70.05000000000001,0.0,Weekday_2_Wednesday,70.05000000000001,
536367,0.0,13047.0,1.0,246.93,,1.0,2010-12-01 08:34:00,Month_12,246.93,0,63.98,25.20000000000001,30.0,76.05000000000003,51.7,0.0,0.0,0.0,0.0,0.0,246.93,246.93,0.0,Weekday_2_Wednesday,246.93,
536369,0.0,13047.0,1.0,17.85,,1.0,2010-12-01 08:35:00,Month_12,17.85,0,0.0,0.0,0.0,0.0,17.85,0.0,0.0,0.0,0.0,0.0,17.85,17.85,0.0,Weekday_2_Wednesday,17.85,
536369,0.0,13047.0,1.0,17.85,0.0,1.0,2010-12-01 08:35:00,Month_12,17.85,0,0.0,0.0,0.0,0.0,17.85,0.0,0.0,0.0,0.0,0.0,17.85,17.85,0.0,Weekday_2_Wednesday,17.85,0.0
536371,0.0,13748.0,1.0,204.0,,1.0,2010-12-01 09:00:00,Month_12,204.0,0,0.0,204.0,0.0,0.0,0.0,0.0,0.0,0.0,0.0,0.0,204.0,204.0,0.0,Weekday_2_Wednesday,204.0,
536371,0.0,13748.0,1.0,204.0,0.0,1.0,2010-12-01 09:00:00,Month_12,204.0,0,0.0,0.0,204.0,0.0,0.0,0.0,0.0,0.0,0.0,0.0,204.0,204.0,0.0,Weekday_2_Wednesday,204.0,0.0
536372,0.0,17850.0,1.0,22.20000000000001,,1.0,2010-12-01 09:01:00,Month_12,22.20000000000001,0,22.20000000000001,0.0,0.0,0.0,0.0,0.0,0.0,0.0,0.0,0.0,22.20000000000001,22.20000000000001,0.0,Weekday_2_Wednesday,22.20000000000001,
536372,0.0,17850.0,1.0,22.20000000000001,0.0,1.0,2010-12-01 09:01:00,Month_12,22.20000000000001,0,0.0,0.0,22.20000000000001,0.0,0.0,0.0,0.0,0.0,0.0,0.0,22.20000000000001,22.20000000000001,0.0,Weekday_2_Wednesday,22.20000000000001,0.0
536373,0.0,17850.0,1.0,15.3,,1.0,2010-12-01 09:02:00,Month_12,15.3,0,0.0,15.3,0.0,0.0,0.0,0.0,0.0,0.0,0.0,0.0,15.3,15.3,0.0,Weekday_2_Wednesday,15.3,
536373,0.0,17850.0,1.0,259.86,0.0,1.0,2010-12-01 09:02:00,Month_12,259.86,0,0.0,25.44,43.2,108.52,82.7,0.0,0.0,0.0,0.0,0.0,259.86,259.86,0.0,Weekday_2_Wednesday,259.86,0.0
536374,0.0,15100.0,1.0,350.4,0.0,1.0,2010-12-01 09:09:00,Month_12,350.4,0,0.0,0.0,0.0,0.0,350.4,0.0,0.0,0.0,0.0,0.0,350.4,350.4,0.0,Weekday_2_Wednesday,350.4,0.0
536375,0.0,17850.0,1.0,259.86,0.0,1.0,2010-12-01 09:32:00,Month_12,259.86,0,0.0,25.44,43.2,108.52,82.7,0.0,0.0,0.0,0.0,0.0,259.86,259.86,0.0,Weekday_2_Wednesday,259.86,0.0
536376,0.0,15291.0,1.0,328.8,0.0,1.0,2010-12-01 09:32:00,Month_12,328.8,0,0.0,0.0,163.2,165.60000000000005,0.0,0.0,0.0,0.0,0.0,0.0,328.8,328.8,0.0,Weekday_2_Wednesday,328.8,0.0
536377,0.0,17850.0,1.0,22.20000000000001,0.0,1.0,2010-12-01 09:34:00,Month_12,22.20000000000001,0,0.0,0.0,22.20000000000001,0.0,0.0,0.0,0.0,0.0,0.0,0.0,22.20000000000001,22.20000000000001,0.0,Weekday_2_Wednesday,22.20000000000001,0.0
536378,0.0,14688.0,1.0,444.98,0.0,1.0,2010-12-01 09:37:00,Month_12,444.98,0,145.18,60.0,125.1,114.7,0.0,0.0,0.0,0.0,0.0,0.0,444.98,444.98,0.0,Weekday_2_Wednesday,444.98,0.0
536380,0.0,17809.0,1.0,34.8,0.0,1.0,2010-12-01 09:41:00,Month_12,34.8,0,0.0,34.8,0.0,0.0,0.0,0.0,0.0,0.0,0.0,0.0,34.8,34.8,0.0,Weekday_2_Wednesday,34.8,0.0
536381,0.0,15311.0,1.0,449.98,0.0,1.0035684018020428,2010-12-01 09:41:00,Month_12,449.98,0,7.649999999999999,117.91,76.12,127.3,121.0,0.0,0.0,1.6000000000000014,0.0,0.0,449.98,448.38000000000005,1.6000000000000014,Weekday_2_Wednesday,449.98,0.0
536382,0.0,16098.0,1.0,430.6,0.0,1.0,2010-12-01 09:45:00,Month_12,430.6,0,10.2,0.0,152.8,68.6,199.0,0.0,0.0,0.0,0.0,0.0,430.6,430.6,0.0,Weekday_2_Wednesday,430.6,0.0
C536383,-4.65,15311.0,1.0,-4.65,0.0,1.0,2010-12-01 09:49:00,Month_12,-4.65,0,0.0,0.0,0.0,0.0,-4.65,0.0,0.0,0.0,0.0,0.0,-4.65,-4.65,0.0,Weekday_2_Wednesday,-4.65,0.0
536384,0.0,18074.0,1.0,489.6,0.0,1.0,2010-12-01 09:53:00,Month_12,489.6,0,31.20000000000001,58.0,121.8,86.60000000000002,192.0,0.0,0.0,0.0,0.0,0.0,489.6,489.6,0.0,Weekday_2_Wednesday,489.6,0.0
536385,0.0,17420.0,1.0,130.85000000000002,0.0,1.0234649980445836,2010-12-01 09:56:00,Month_12,130.85000000000002,0,0.0,32.4,36.0,25.5,36.95,0.0,0.0,0.0,0.0,3.0,130.85000000000002,127.85,3.0,Weekday_2_Wednesday,130.85000000000002,0.0
536386,0.0,16029.0,1.0,508.20000000000016,0.0,0.9442586399108138,2010-12-01 09:57:00,Month_12,508.20000000000016,0,0.0,0.0,330.0,0.0,178.20000000000005,0.0,0.0,-30.0,0.0,0.0,508.20000000000016,538.2,-30.0,Weekday_2_Wednesday,508.20000000000016,0.0
536387,0.0,16029.0,1.0,3193.92,0.0,0.9486740804106074,2010-12-01 09:58:00,Month_12,3193.92,0,0.0,626.4,540.0,2027.52,0.0,0.0,0.0,-172.79999999999995,0.0,0.0,3193.92,3366.72,-172.79999999999995,Weekday_2_Wednesday,3193.92,0.0
536388,0.0,16250.0,1.0,226.14,0.0,1.0216860937923558,2010-12-01 09:59:00,Month_12,226.14,0,25.44,37.2,39.6,30.45000000000001,93.45,0.0,2.3999999999999986,0.0,0.0,2.4000000000000004,226.14,221.34,4.799999999999999,Weekday_2_Wednesday,226.14,0.0
536390,0.0,17511.0,1.0,1825.74,0.0,0.9713966480446928,2010-12-01 10:19:00,Month_12,1825.74,0,462.24000000000007,209.9,501.24,318.36,334.0,-20.16,-19.19999999999999,0.0,-6.0,-8.400000000000006,1825.74,1879.5,-53.75999999999999,Weekday_2_Wednesday,1825.74,0.0
C536391,-141.48,17548.0,1.0,-141.48,0.0,1.0,2010-12-01 10:24:00,Month_12,-141.48,0,-20.879999999999995,0.0,-79.19999999999997,-41.40000000000001,0.0,0.0,0.0,0.0,0.0,0.0,-141.48,-141.48,0.0,Weekday_2_Wednesday,-141.48,0.0
536392,0.0,13705.0,1.0,318.14,0.0,1.0,2010-12-01 10:29:00,Month_12,318.14,0,15.6,60.0,38.74,15.0,188.8,0.0,0.0,0.0,0.0,0.0,318.14,318.14,0.0,Weekday_2_Wednesday,318.14,0.0
536393,0.0,13747.0,1.0,79.6,0.0,1.0,2010-12-01 10:37:00,Month_12,79.6,0,0.0,0.0,0.0,0.0,79.6,0.0,0.0,0.0,0.0,0.0,79.6,79.6,0.0,Weekday_2_Wednesday,79.6,0.0
536394,0.0,13408.0,1.0,1024.6800000000003,0.0,1.0082654386586376,2010-12-01 10:39:00,Month_12,1024.6800000000003,0,10.08,60.0,850.2000000000003,104.4,0.0,0.0,0.0,0.0,8.400000000000006,0.0,1024.6800000000003,1016.28,8.400000000000006,Weekday_2_Wednesday,1024.6800000000003,0.0
536395,0.0,13767.0,1.0,507.88000000000005,0.0,1.0391194042065637,2010-12-01 10:47:00,Month_12,507.88000000000005,0,39.6,0.0,272.48,195.8,0.0,3.120000000000001,0.0,12.0,4.0,0.0,507.88000000000005,488.76,19.12,Weekday_2_Wednesday,507.88000000000005,0.0
536396,0.0,17850.0,1.0,376.36,0.0,0.984307982006486,2010-12-01 10:51:00,Month_12,376.36,0,0.0,25.44,58.5,108.52,183.90000000000003,0.0,0.0,0.0,0.0,-6.0,376.36,382.36,-6.0,Weekday_2_Wednesday,376.36,0.0
536397,0.0,17924.0,1.0,279.0,0.0,1.0,2010-12-01 10:51:00,Month_12,279.0,0,0.0,0.0,0.0,0.0,279.0,0.0,0.0,0.0,0.0,0.0,279.0,279.0,0.0,Weekday_2_Wednesday,279.0,0.0
536398,0.0,13448.0,1.0,426.56000000000006,0.0,1.0392242849485942,2010-12-01 10:52:00,Month_12,426.56000000000006,0,6.959999999999999,15.0,115.8,68.60000000000001,220.2,0.0,0.0,9.0,2.0,5.099999999999994,426.56000000000006,410.46,16.099999999999994,Weekday_2_Wednesday,426.56000000000006,0.0
536399,0.0,17850.0,1.0,22.20000000000001,0.0,1.0,2010-12-01 10:52:00,Month_12,22.20000000000001,0,0.0,0.0,22.20000000000001,0.0,0.0,0.0,0.0,0.0,0.0,0.0,22.20000000000001,22.20000000000001,0.0,Weekday_2_Wednesday,22.20000000000001,0.0
536400,0.0,13448.0,1.0,17.4,0.0,1.0,2010-12-01 10:53:00,Month_12,17.4,0,0.0,17.4,0.0,0.0,0.0,0.0,0.0,0.0,0.0,0.0,17.4,17.4,0.0,Weekday_2_Wednesday,17.4,0.0
536401,0.0,15862.0,1.0,354.23,0.0,1.0088286389656251,2010-12-01 11:21:00,Month_12,354.23,0,12.35,29.75,82.22999999999998,93.1,136.8,0.0,0.0,1.6000000000000014,0.5,1.0,354.23,351.13000000000005,3.1000000000000014,Weekday_2_Wednesday,354.23,0.0
536402,0.0,15513.0,1.0,357.0,0.0,1.0,2010-12-01 11:22:00,Month_12,357.0,0,0.0,0.0,204.0,153.0,0.0,0.0,0.0,0.0,0.0,0.0,357.0,357.0,0.0,Weekday_2_Wednesday,357.0,0.0
536404,0.0,16218.0,1.0,471.3,0.0,1.022121014964216,2010-12-01 11:29:00,Month_12,471.3,0,127.2,229.8,114.3,0.0,0.0,7.8000000000000025,2.3999999999999986,0.0,0.0,0.0,471.3,461.1,10.2,Weekday_2_Wednesday,471.3,0.0
536405,0.0,14045.0,1.0,326.4,0.0,1.0,2010-12-01 11:32:00,Month_12,326.4,0,0.0,0.0,326.4,0.0,0.0,0.0,0.0,0.0,0.0,0.0,326.4,326.4,0.0,Weekday_2_Wednesday,326.4,0.0
536406,0.0,17850.0,1.0,353.14,0.0,1.0,2010-12-01 11:33:00,Month_12,353.14,0,0.0,25.44,48.3,115.3,164.10000000000005,0.0,0.0,0.0,0.0,0.0,353.14,353.14,0.0,Weekday_2_Wednesday,353.14,0.0
536407,0.0,17850.0,1.0,22.20000000000001,0.0,1.0,2010-12-01 11:34:00,Month_12,22.20000000000001,0,0.0,0.0,22.20000000000001,0.0,0.0,0.0,0.0,0.0,0.0,0.0,22.20000000000001,22.20000000000001,0.0,Weekday_2_Wednesday,22.20000000000001,0.0
536408,0.0,14307.0,1.0,783.1099999999999,0.0,1.0115739843699545,2010-12-01 11:41:00,Month_12,783.1099999999999,0,165.24,88.80000000000004,287.12,123.9,118.05,3.120000000000001,0.0,2.400000000000004,3.4399999999999995,0.0,783.1099999999999,774.15,8.960000000000004,Weekday_2_Wednesday,783.1099999999999,0.0
536409,0.0,17908.0,1.0,232.03,0.0,1.008869950867429,2010-12-01 11:45:00,Month_12,232.03,0,35.73000000000001,35.35,35.55,39.1,86.3,0.7399999999999995,0.2,1.1,0.0,0.0,232.03,229.98999999999995,2.04,Weekday_2_Wednesday,232.03,0.0
536412,0.0,17920.0,1.0,453.46,0.0,1.018073235895018,2010-12-01 11:49:00,Month_12,453.46,0,10.75,63.25,137.36,147.55,94.55,0.6500000000000004,0.0,0.4000000000000004,1.200000000000001,5.799999999999998,453.46,445.41000000000014,8.049999999999999,Weekday_2_Wednesday,453.46,0.0
536415,0.0,12838.0,1.0,390.79,0.0,1.0229301363767245,2010-12-01 11:57:00,Month_12,390.79,0,66.63999999999999,32.75,119.25000000000004,105.3,66.85,0.2600000000000001,1.0,6.3000000000000025,1.200000000000001,0.0,390.79,382.03,8.760000000000005,Weekday_2_Wednesday,390.79,0.0
536416,0.0,13255.0,1.0,225.7,0.0,1.0107478728168382,2010-12-01 11:58:00,Month_12,225.7,0,0.0,105.0,41.1,0.0,79.6,0.0,0.0,2.400000000000004,0.0,0.0,225.7,223.3,2.400000000000004,Weekday_2_Wednesday,225.7,0.0
536420,0.0,16583.0,2.0,0.0,233.45000000000005,1.0,2010-12-01 12:03:00,Month_12,233.45000000000005,0,0.0,77.4,56.1,85.10000000000002,14.85,0.0,0.0,0.0,0.0,0.0,233.45000000000005,233.45000000000005,0.0,Weekday_2_Wednesday,233.45000000000005,0.0
536423,0.0,18085.0,2.0,0.0,303.9000000000001,1.0507572090450177,2010-12-01 12:08:00,Month_12,303.9000000000001,0,0.0,0.0,25.20000000000001,199.5,79.2,0.0,0.0,3.0,11.680000000000005,0.0,303.9000000000001,289.22,14.680000000000005,Weekday_2_Wednesday,303.9000000000001,0.0
536425,0.0,13758.0,2.0,0.0,362.45,1.0349504582964508,2010-12-01 12:08:00,Month_12,362.45,0,0.0,102.0,45.9,174.75,39.8,0.0,0.0,0.0,12.240000000000006,0.0,362.45,350.21,12.240000000000006,Weekday_2_Wednesday,362.45,0.0
536437,0.0,13694.0,2.0,0.0,842.12,0.932993574119211,2010-12-01 12:12:00,Month_12,842.12,0,144.0,332.0,0.0,366.12,0.0,0.0,0.0,0.0,-60.48000000000002,0.0,842.12,902.6,-60.48000000000002,Weekday_2_Wednesday,842.12,0.0
536446,0.0,15983.0,2.0,0.0,430.99000000000007,1.0,2010-12-01 12:15:00,Month_12,430.99000000000007,0,47.19000000000001,200.4,98.1,65.4,19.9,0.0,0.0,0.0,0.0,0.0,430.99000000000007,430.99000000000007,0.0,Weekday_2_Wednesday,430.99000000000007,0.0
536460,0.0,14849.0,2.0,0.0,295.54,1.014416146083614,2010-12-01 12:22:00,Month_12,295.54,0,26.4,45.0,91.44,57.3,75.4,0.0,0.0,0.0,4.200000000000003,0.0,295.54,291.34,4.200000000000003,Weekday_2_Wednesday,295.54,0.0
536463,0.0,14849.0,2.0,0.0,17.4,1.0,2010-12-01 12:22:00,Month_12,17.4,0,0.0,17.4,0.0,0.0,0.0,0.0,0.0,0.0,0.0,0.0,17.4,17.4,0.0,Weekday_2_Wednesday,17.4,0.0
536464,0.0,17968.0,2.0,0.0,265.1,1.016877637130802,2010-12-01 12:23:00,Month_12,265.1,0,34.05,43.88,96.22,73.10000000000002,17.85,1.82,0.48,2.1000000000000005,0.0,0.0,265.1,260.7,4.4,Weekday_2_Wednesday,265.1,0.0
536466,0.0,14849.0,2.0,0.0,42.9,1.0,2010-12-01 12:23:00,Month_12,42.9,0,0.0,17.4,0.0,25.5,0.0,0.0,0.0,0.0,0.0,0.0,42.9,42.9,0.0,Weekday_2_Wednesday,42.9,0.0
536477,0.0,16210.0,2.0,0.0,2474.74,0.9827494460284808,2010-12-01 12:27:00,Month_12,2474.74,0,276.48,40.0,259.5,1723.56,175.2,-37.44,0.0,-6.0,0.0,0.0,2474.74,2518.1800000000007,-43.44,Weekday_2_Wednesday,2474.74,0.0
536488,0.0,17897.0,2.0,0.0,163.34,1.0024548913710567,2010-12-01 12:31:00,Month_12,163.34,0,7.59,9.9,57.24999999999999,60.65000000000001,27.95,0.0,0.0,0.4000000000000004,0.0,0.0,163.34,162.94000000000003,0.4000000000000004,Weekday_2_Wednesday,163.34,0.0
536500,0.0,17377.0,2.0,0.0,223.9,1.0032260955282732,2010-12-01 12:35:00,Month_12,223.9,0,18.6,0.0,19.4,65.0,120.9,0.0,0.0,0.0,0.7199999999999998,0.0,223.9,223.18,0.7199999999999998,Weekday_2_Wednesday,223.9,0.0
536502,0.0,16552.0,2.0,0.0,95.29,1.0671967745548214,2010-12-01 12:36:00,Month_12,95.29,0,10.2,0.0,44.74,0.0,40.35,0.0,0.0,2.400000000000004,0.0,3.6000000000000014,95.29,89.29,6.0000000000000036,Weekday_2_Wednesday,95.29,0.0
C536506,-25.5,17897.0,2.0,0.0,-25.5,1.0,2010-12-01 12:38:00,Month_12,-25.5,0,0.0,0.0,0.0,-25.5,0.0,0.0,0.0,0.0,0.0,0.0,-25.5,-25.5,0.0,Weekday_2_Wednesday,-25.5,0.0
536508,0.0,17181.0,2.0,0.0,155.52,0.9152542372881356,2010-12-01 12:38:00,Month_12,155.52,0,79.2,76.32000000000002,0.0,0.0,0.0,-14.400000000000004,0.0,0.0,0.0,0.0,155.52,169.92000000000004,-14.400000000000004,Weekday_2_Wednesday,155.52,0.0
536514,0.0,17951.0,2.0,0.0,295.50000000000006,1.1005586592178769,2010-12-01 12:40:00,Month_12,295.50000000000006,0,0.0,0.0,226.8,17.700000000000006,51.0,0.0,0.0,27.0,0.0,0.0,295.50000000000006,268.50000000000006,27.0,Weekday_2_Wednesday,295.50000000000006,0.0
536520,0.0,14729.0,2.0,0.0,313.4899999999999,1.0140384926411128,2010-12-01 12:43:00,Month_12,313.4899999999999,0,43.58999999999999,29.55,161.80000000000004,43.15000000000001,35.4,0.3899999999999997,0.5999999999999999,3.3500000000000023,0.0,0.0,313.4899999999999,309.1499999999998,4.340000000000002,Weekday_2_Wednesday,313.4899999999999,0.0
536521,0.0,12748.0,2.0,0.0,4.95,1.0,2010-12-01 12:48:00,Month_12,4.95,0,0.0,0.0,0.0,0.0,4.95,0.0,0.0,0.0,0.0,0.0,4.95,4.95,0.0,Weekday_2_Wednesday,4.95,0.0
536522,0.0,15012.0,2.0,0.0,188.56,1.0138724594042372,2010-12-01 12:49:00,Month_12,188.56,0,13.76,22.5,47.2,56.05,49.05,0.0,0.3799999999999999,2.2,0.0,0.0,188.56,185.98,2.58,Weekday_2_Wednesday,188.56,0.0
536523,0.0,12868.0,2.0,0.0,203.30000000000004,1.010437375745527,2010-12-01 12:50:00,Month_12,203.30000000000004,0,25.8,62.4,12.6,32.550000000000004,69.95,0.0,0.0,0.0,2.1000000000000014,0.0,203.30000000000004,201.2,2.1000000000000014,Weekday_2_Wednesday,203.30000000000004,0.0
536524,0.0,17572.0,2.0,0.0,70.80000000000003,1.0,2010-12-01 12:51:00,Month_12,70.80000000000003,0,0.0,0.0,0.0,70.80000000000003,0.0,0.0,0.0,0.0,0.0,0.0,70.80000000000003,70.80000000000003,0.0,Weekday_2_Wednesday,70.80000000000003,0.0
536525,0.0,14078.0,2.0,0.0,136.24,1.0271411338962608,2010-12-01 12:54:00,Month_12,136.24,0,4.09,5.0,2.1,13.1,111.95,0.0,0.0,0.0,0.0,3.6000000000000014,136.24,132.64,3.6000000000000014,Weekday_2_Wednesday,136.24,0.0
536526,0.0,14001.0,2.0,0.0,301.24,1.0100590128755365,2010-12-01 12:58:00,Month_12,301.24,0,0.0,0.0,105.04,77.2,119.0,0.0,0.0,3.0,0.0,0.0,301.24,298.24,3.0,Weekday_2_Wednesday,301.24,0.0
536528,0.0,15525.0,2.0,0.0,274.93,1.0313613684960798,2010-12-01 13:17:00,Month_12,274.93,0,17.229999999999997,26.65,65.4,78.25000000000001,87.39999999999998,0.26,0.0,1.9500000000000024,0.0,6.149999999999999,274.93,266.57,8.36,Weekday_2_Wednesday,274.93,0.0
536529,0.0,14237.0,2.0,0.0,161.0,1.0113065326633166,2010-12-01 13:20:00,Month_12,161.0,0,10.2,0.0,0.0,52.40000000000001,98.4,0.0,0.0,0.0,0.0,1.8000000000000007,161.0,159.2,1.8000000000000007,Weekday_2_Wednesday,161.0,0.0
536530,0.0,17905.0,2.0,0.0,200.5,1.0489693418436747,2010-12-01 13:21:00,Month_12,200.5,0,0.0,42.65,18.3,58.65,80.9,0.0,4.559999999999999,0.0,0.0,4.800000000000002,200.5,191.14,9.36,Weekday_2_Wednesday,200.5,0.0
536531,0.0,15485.0,2.0,0.0,939.59,1.0129367500727693,2010-12-01 13:23:00,Month_12,939.59,0,72.24,0.0,306.0,136.65,424.69999999999993,0.0,0.0,0.0,0.0,12.0,939.59,927.59,12.0,Weekday_2_Wednesday,939.59,0.0
536533,0.0,16955.0,2.0,0.0,156.1,1.0,2010-12-01 13:31:00,Month_12,156.1,0,40.8,25.0,12.6,0.0,77.7,0.0,0.0,0.0,0.0,0.0,156.1,156.1,0.0,Weekday_2_Wednesday,156.1,0.0
536534,0.0,15350.0,2.0,0.0,115.65,1.0547195622435022,2010-12-01 13:33:00,Month_12,115.65,0,0.0,0.0,100.8,0.0,14.85,0.0,0.0,6.0,0.0,0.0,115.65,109.65000000000002,6.0,Weekday_2_Wednesday,115.65,0.0
536535,0.0,15605.0,2.0,0.0,194.85,1.0236406619385343,2010-12-01 13:38:00,Month_12,194.85,0,30.6,0.0,15.6,32.550000000000004,116.1,0.0,0.0,0.0,2.1000000000000014,2.4000000000000004,194.85,190.35,4.500000000000002,Weekday_2_Wednesday,194.85,0.0
536536,0.0,18144.0,2.0,0.0,165.04999999999995,1.0128873887695609,2010-12-01 13:45:00,Month_12,165.04999999999995,0,0.0,15.0,135.2,14.85,0.0,0.0,0.0,0.0,2.1000000000000014,0.0,165.04999999999995,162.95,2.1000000000000014,Weekday_2_Wednesday,165.04999999999995,0.0
536537,0.0,15922.0,2.0,0.0,369.5,1.0098387537578577,2010-12-01 13:51:00,Month_12,369.5,0,0.0,45.0,88.80000000000004,154.4,81.3,0.0,0.0,0.0,0.0,3.6000000000000014,369.5,365.9,3.6000000000000014,Weekday_2_Wednesday,369.5,0.0
536538,0.0,14594.0,2.0,0.0,255.0,1.037851037851038,2010-12-01 13:54:00,Month_12,255.0,0,53.2,28.2,79.5,53.25,40.85,0.0,1.5999999999999996,4.800000000000002,0.0,2.8999999999999995,255.0,245.7,9.3,Weekday_2_Wednesday,255.0,0.0
536539,0.0,15165.0,2.0,0.0,487.75,1.0265179417026202,2010-12-01 14:03:00,Month_12,487.75,0,0.0,43.5,113.7,171.95000000000005,158.6,0.0,0.0,3.0,4.0,5.600000000000001,487.75,475.15,12.6,Weekday_2_Wednesday,487.75,0.0
536542,0.0,16456.0,2.0,0.0,787.4,1.0325203252032522,2010-12-01 14:11:00,Month_12,787.4,0,0.0,0.0,787.4,0.0,0.0,0.0,0.0,24.800000000000008,0.0,0.0,787.4,762.6,24.800000000000008,Weekday_2_Wednesday,787.4,0.0
C536543,-3.8,17841.0,2.0,0.0,-3.8,1.0704225352112675,2010-12-01 14:30:00,Month_12,-3.8,0,-1.7,0.0,-2.1,0.0,0.0,0.0,0.0,-0.25,0.0,0.0,-3.8,-3.55,-0.25,Weekday_2_Wednesday,-3.8,0.0
536551,0.0,17346.0,2.0,0.0,134.11,1.046263067561242,2010-12-01 14:34:00,Month_12,134.11,0,17.06,23.9,50.24999999999999,15.2,27.70000000000001,0.4199999999999999,3.0,1.7100000000000015,0.8000000000000007,0.0,134.11,128.17999999999998,5.930000000000002,Weekday_2_Wednesday,134.11,0.0
536556,0.0,17643.0,2.0,0.0,101.55,1.0,2010-12-01 14:38:00,Month_12,101.55,0,46.2,0.0,12.6,0.0,42.75,0.0,0.0,0.0,0.0,0.0,101.55,101.55,0.0,Weekday_2_Wednesday,101.55,0.0
536557,0.0,17841.0,2.0,0.0,532.4300000000002,1.0428557438056998,2010-12-01 14:41:00,Month_12,532.4300000000002,0,31.23,26.85,37.40000000000001,233.8,203.15,0.4799999999999995,0.0,2.6,17.000000000000007,1.8000000000000007,532.4300000000002,510.55,21.88000000000001,Weekday_2_Wednesday,532.4300000000002,0.0
536559,0.0,17873.0,2.0,0.0,204.95,1.0,2010-12-01 14:54:00,Month_12,204.95,0,51.0,45.0,1.95,39.5,67.5,0.0,0.0,0.0,0.0,0.0,204.95,204.95,0.0,Weekday_2_Wednesday,204.95,0.0
536560,0.0,13093.0,2.0,0.0,799.3999999999999,0.9739753399288464,2010-12-01 15:00:00,Month_12,799.3999999999999,0,81.6,45.0,16.5,266.7,389.6,0.0,0.0,0.0,14.640000000000017,-36.0,799.3999999999999,820.7599999999999,-21.35999999999998,Weekday_2_Wednesday,799.3999999999999,0.0
536561,0.0,12921.0,2.0,0.0,322.4000000000001,1.0991408700395473,2010-12-01 15:06:00,Month_12,322.4000000000001,0,0.0,38.4,165.60000000000005,118.4,0.0,0.0,6.0,9.0,14.079999999999998,0.0,322.4000000000001,293.32,29.08,Weekday_2_Wednesday,322.4000000000001,0.0
536563,0.0,17760.0,2.0,0.0,172.54,1.0,2010-12-01 15:08:00,Month_12,172.54,0,69.33999999999999,30.0,8.4,56.3,8.5,0.0,0.0,0.0,0.0,0.0,172.54,172.54,0.0,Weekday_2_Wednesday,172.54,0.0
536564,0.0,13468.0,2.0,0.0,51.4,1.0,2010-12-01 15:08:00,Month_12,51.4,0,0.0,11.6,0.0,0.0,39.8,0.0,0.0,0.0,0.0,0.0,51.4,51.4,0.0,Weekday_2_Wednesday,51.4,0.0
536562,0.0,13468.0,2.0,0.0,308.65,1.0174715674962915,2010-12-01 15:08:00,Month_12,308.65,0,0.0,54.65,25.20000000000001,102.8,126.0,0.0,0.0,0.0,0.0,5.300000000000002,308.65,303.35,5.300000000000002,Weekday_2_Wednesday,308.65,0.0
536566,0.0,16928.0,2.0,0.0,116.25,1.0,2010-12-01 15:21:00,Month_12,116.25,0,0.0,116.25,0.0,0.0,0.0,0.0,0.0,0.0,0.0,0.0,116.25,116.25,0.0,Weekday_2_Wednesday,116.25,0.0
536567,0.0,16048.0,2.0,0.0,251.40000000000003,1.0771208226221078,2010-12-01 15:27:00,Month_12,251.40000000000003,0,0.0,49.8,201.6,0.0,0.0,0.0,0.0,18.0,0.0,0.0,251.40000000000003,233.4,18.0,Weekday_2_Wednesday,251.40000000000003,0.0
536568,0.0,16048.0,2.0,0.0,5.04,1.0,2010-12-01 15:28:00,Month_12,5.04,0,5.04,0.0,0.0,0.0,0.0,0.0,0.0,0.0,0.0,0.0,5.04,5.04,0.0,Weekday_2_Wednesday,5.04,0.0
536569,0.0,16274.0,2.0,0.0,331.55000000000007,1.0039364118092355,2010-12-01 15:35:00,Month_12,331.55000000000007,0,56.0,20.8,37.0,25.45,192.3,0.52,0.3799999999999999,0.4000000000000004,0.0,0.0,331.55000000000007,330.25000000000006,1.3000000000000005,Weekday_2_Wednesday,331.55000000000007,0.0
536570,0.0,14496.0,2.0,0.0,304.3400000000001,0.9309880697460996,2010-12-01 15:35:00,Month_12,304.3400000000001,0,0.0,15.0,0.0,157.44,131.9,0.0,0.0,0.0,-12.959999999999996,-9.600000000000009,304.3400000000001,326.9000000000001,-22.56,Weekday_2_Wednesday,304.3400000000001,0.0
536571,0.0,14696.0,2.0,0.0,294.62,1.0,2010-12-01 15:37:00,Month_12,294.62,0,94.92,94.8,43.8,0.0,61.1,0.0,0.0,0.0,0.0,0.0,294.62,294.62,0.0,Weekday_2_Wednesday,294.62,0.0
536572,0.0,16539.0,2.0,0.0,442.3499999999999,1.0054551653597,2010-12-01 15:40:00,Month_12,442.3499999999999,0,173.40000000000003,82.19999999999997,27.0,0.0,159.75,0.0,2.3999999999999986,0.0,0.0,0.0,442.3499999999999,439.94999999999993,2.3999999999999986,Weekday_2_Wednesday,442.3499999999999,0.0
536573,0.0,17025.0,2.0,0.0,143.12,0.9127551020408164,2010-12-01 15:45:00,Month_12,143.12,0,10.4,132.72,0.0,0.0,0.0,0.0,-13.679999999999993,0.0,0.0,0.0,143.12,156.8,-13.679999999999993,Weekday_2_Wednesday,143.12,0.0
536574,0.0,17025.0,2.0,0.0,17.85,1.0,2010-12-01 15:46:00,Month_12,17.85,0,0.0,0.0,0.0,0.0,17.85,0.0,0.0,0.0,0.0,0.0,17.85,17.85,0.0,Weekday_2_Wednesday,17.85,0.0
536575,0.0,13777.0,2.0,0.0,1552.98,0.9817926639608544,2010-12-01 16:01:00,Month_12,1552.98,0,0.0,585.0,563.5799999999998,183.6,220.8,0.0,0.0,0.0,-28.800000000000008,0.0,1552.98,1581.7799999999993,-28.800000000000008,Weekday_2_Wednesday,1552.98,0.0
536576,0.0,13777.0,2.0,0.0,2558.42,0.9487365852573184,2010-12-01 16:11:00,Month_12,2558.42,0,0.0,375.24,998.58,473.6,711.0,0.0,0.0,-15.6,-61.43999999999998,-61.20000000000002,2558.42,2696.66,-138.24,Weekday_2_Wednesday,2558.42,0.0
536577,0.0,13777.0,2.0,0.0,497.0,0.9105899596921948,2010-12-01 16:13:00,Month_12,497.0,0,0.0,410.0,87.0,0.0,0.0,0.0,-36.799999999999976,-12.0,0.0,0.0,497.0,545.8,-48.79999999999998,Weekday_2_Wednesday,497.0,0.0
536578,0.0,17690.0,2.0,0.0,279.6,1.0639269406392695,2010-12-01 16:15:00,Month_12,279.6,0,0.0,0.0,151.20000000000005,128.4,0.0,0.0,0.0,12.0,4.800000000000004,0.0,279.6,262.8,16.800000000000004,Weekday_2_Wednesday,279.6,0.0
536579,0.0,13777.0,2.0,0.0,315.9600000000001,0.8562601626016261,2010-12-01 16:16:00,Month_12,315.9600000000001,0,0.0,228.96,87.0,0.0,0.0,0.0,-41.03999999999999,-12.0,0.0,0.0,315.9600000000001,369.0,-53.03999999999999,Weekday_2_Wednesday,315.9600000000001,0.0
536580,0.0,17690.0,2.0,0.0,97.2,1.0,2010-12-01 16:17:00,Month_12,97.2,0,0.0,45.0,52.2,0.0,0.0,0.0,0.0,0.0,0.0,0.0,97.2,97.2,0.0,Weekday_2_Wednesday,97.2,0.0
536581,0.0,13777.0,2.0,0.0,330.0,1.0,2010-12-01 16:19:00,Month_12,330.0,0,0.0,0.0,330.0,0.0,0.0,0.0,0.0,0.0,0.0,0.0,330.0,330.0,0.0,Weekday_2_Wednesday,330.0,0.0
536582,0.0,12947.0,2.0,0.0,304.04,1.0,2010-12-01 16:21:00,Month_12,304.04,0,30.24,77.4,30.6,98.1,67.69999999999999,0.0,0.0,0.0,0.0,0.0,304.04,304.04,0.0,Weekday_2_Wednesday,304.04,0.0
536583,0.0,13777.0,2.0,0.0,198.0,0.8461538461538461,2010-12-01 16:21:00,Month_12,198.0,0,0.0,0.0,198.0,0.0,0.0,0.0,0.0,-36.0,0.0,0.0,198.0,234.0,-36.0,Weekday_2_Wednesday,198.0,0.0
536584,0.0,13777.0,2.0,0.0,1132.8000000000004,0.8702064896755164,2010-12-01 16:22:00,Month_12,1132.8000000000004,0,0.0,0.0,0.0,1132.8000000000004,0.0,0.0,0.0,0.0,-168.9599999999998,0.0,1132.8000000000004,1301.76,-168.9599999999998,Weekday_2_Wednesday,1132.8000000000004,0.0
536585,0.0,17460.0,2.0,0.0,19.9,1.0,2010-12-01 16:24:00,Month_12,19.9,0,0.0,0.0,0.0,0.0,19.9,0.0,0.0,0.0,0.0,0.0,19.9,19.9,0.0,Weekday_2_Wednesday,19.9,0.0
536586,0.0,18229.0,2.0,0.0,344.2,0.9555802332037756,2010-12-01 16:25:00,Month_12,344.2,0,0.0,0.0,0.0,105.0,239.2,0.0,0.0,0.0,0.0,-16.0,344.2,360.2,-16.0,Weekday_2_Wednesday,344.2,0.0
536587,0.0,14142.0,2.0,0.0,311.81,1.032107510509417,2010-12-01 16:33:00,Month_12,311.81,0,71.67999999999998,85.80000000000003,66.03,71.30000000000003,17.0,0.0,6.0,0.0,2.0,1.6999999999999993,311.81,302.11,9.7,Weekday_2_Wednesday,311.81,0.0
536588,0.0,17069.0,2.0,0.0,277.05,1.0113897711094075,2010-12-01 16:49:00,Month_12,277.05,0,20.4,17.4,0.0,231.3,7.95,3.119999999999997,0.0,0.0,0.0,0.0,277.05,273.93,3.119999999999997,Weekday_2_Wednesday,277.05,0.0
536590,0.0,13065.0,2.0,0.0,205.86,1.0218405638836492,2010-12-01 16:52:00,Month_12,205.86,0,5.04,17.4,54.62000000000001,46.5,82.30000000000003,0.0,0.0,2.400000000000004,2.0,0.0,205.86,201.46000000000004,4.400000000000004,Weekday_2_Wednesday,205.86,0.0
536591,0.0,14606.0,2.0,0.0,198.32,1.0,2010-12-01 16:57:00,Month_12,198.32,0,18.58,51.65,17.849999999999994,41.25,68.99000000000001,0.0,0.0,0.0,0.0,0.0,198.32,198.32,0.0,Weekday_2_Wednesday,198.32,0.0
536593,0.0,16835.0,2.0,0.0,81.75,1.0302457466918715,2010-12-01 17:15:00,Month_12,81.75,0,0.0,0.0,12.6,22.5,46.65000000000001,0.0,0.0,0.0,0.0,2.4000000000000004,81.75,79.35,2.4000000000000004,Weekday_2_Wednesday,81.75,0.0
536594,0.0,15235.0,2.0,0.0,79.5,1.06425702811245,2010-12-01 17:22:00,Month_12,79.5,0,0.0,11.4,35.40000000000001,32.7,0.0,0.0,0.0,4.800000000000008,0.0,0.0,79.5,74.69999999999997,4.800000000000008,Weekday_2_Wednesday,79.5,0.0
536595,0.0,13576.0,2.0,0.0,349.15000000000015,1.0349785089669483,2010-12-01 17:24:00,Month_12,349.15000000000015,0,0.0,2.5,82.19999999999997,210.9,53.55,0.0,0.0,10.79999999999999,0.0,1.0,349.15000000000015,337.35,11.79999999999999,Weekday_2_Wednesday,349.15000000000015,0.0
536597,0.0,18011.0,2.0,0.0,102.79,1.0156111056219743,2010-12-01 17:35:00,Month_12,102.79,0,25.239999999999995,8.75,19.25,34.65,14.9,0.7799999999999994,0.0,0.8000000000000007,0.0,0.0,102.79,101.21,1.58,Weekday_2_Wednesday,102.79,0.0
536598,0.0,13090.0,1.0,160.6,0.0,1.0,2010-12-02 07:48:00,Month_12,160.6,0,13.6,45.0,0.0,102.0,0.0,0.0,0.0,0.0,0.0,0.0,160.6,160.6,0.0,Weekday_3_Thursday,0.0,160.6
536599,0.0,15694.0,1.0,306.4,0.0,0.9410319410319408,2010-12-02 07:49:00,Month_12,306.4,0,30.6,0.0,0.0,60.0,215.8,0.0,0.0,0.0,0.0,-19.200000000000017,306.4,325.6,-19.200000000000017,Weekday_3_Thursday,0.0,306.4
536600,0.0,17850.0,1.0,251.62000000000003,0.0,0.9928971667587404,2010-12-02 08:32:00,Month_12,251.62000000000003,0,0.0,0.0,53.1,78.02000000000002,120.5,0.0,0.0,-1.8000000000000007,0.0,0.0,251.62000000000003,253.42,-1.8000000000000007,Weekday_3_Thursday,0.0,251.62000000000003
536601,0.0,17850.0,1.0,22.20000000000001,0.0,1.0,2010-12-02 08:33:00,Month_12,22.20000000000001,0,0.0,0.0,22.20000000000001,0.0,0.0,0.0,0.0,0.0,0.0,0.0,22.20000000000001,22.20000000000001,0.0,Weekday_3_Thursday,0.0,22.20000000000001
536602,0.0,17850.0,1.0,163.76000000000005,0.0,0.9891278086494324,2010-12-02 08:34:00,Month_12,163.76000000000005,0,0.0,25.44,25.2,78.02000000000002,35.1,0.0,0.0,-1.8000000000000007,0.0,0.0,163.76000000000005,165.56000000000003,-1.8000000000000007,Weekday_3_Thursday,0.0,163.76000000000005
536603,0.0,17850.0,1.0,22.20000000000001,0.0,1.0,2010-12-02 08:40:00,Month_12,22.20000000000001,0,0.0,0.0,22.20000000000001,0.0,0.0,0.0,0.0,0.0,0.0,0.0,22.20000000000001,22.20000000000001,0.0,Weekday_3_Thursday,0.0,22.20000000000001
536604,0.0,14741.0,1.0,184.5,0.0,1.013847675568744,2010-12-02 08:43:00,Month_12,184.5,0,40.8,60.89999999999999,0.0,82.80000000000003,0.0,2.52,0.0,0.0,0.0,0.0,184.5,181.98,2.52,Weekday_3_Thursday,0.0,184.5
536605,0.0,13715.0,1.0,272.65000000000003,0.0,1.0,2010-12-02 08:52:00,Month_12,272.65000000000003,0,10.2,42.4,25.20000000000001,130.8,64.05000000000001,0.0,0.0,0.0,0.0,0.0,272.65000000000003,272.65000000000003,0.0,Weekday_3_Thursday,0.0,272.65000000000003
C536606,-5.9,14092.0,1.0,-5.9,0.0,1.156862745098039,2010-12-02 09:10:00,Month_12,-5.9,0,0.0,0.0,-5.9,0.0,0.0,0.0,0.0,-0.8000000000000007,0.0,0.0,-5.9,-5.1,-0.8000000000000007,Weekday_3_Thursday,0.0,-5.9
536607,0.0,17732.0,1.0,303.97,0.0,1.0396757533262648,2010-12-02 09:29:00,Month_12,303.97,0,10.2,0.0,87.92,68.9,136.95000000000002,0.0,0.0,7.800000000000009,2.0,1.8000000000000007,303.97,292.37,11.600000000000007,Weekday_3_Thursday,0.0,303.97
536608,0.0,12855.0,1.0,38.1,0.0,1.0891938250428816,2010-12-02 09:37:00,Month_12,38.1,0,20.4,0.0,0.0,17.700000000000006,0.0,3.119999999999997,0.0,0.0,0.0,0.0,38.1,34.980000000000004,3.119999999999997,Weekday_3_Thursday,0.0,38.1
536609,0.0,17850.0,1.0,244.46,0.0,0.9926906521562576,2010-12-02 09:41:00,Month_12,244.46,0,0.0,25.44,53.1,103.02,62.90000000000001,0.0,0.0,-1.8000000000000007,0.0,0.0,244.46,246.26,-1.8000000000000007,Weekday_3_Thursday,0.0,244.46
536610,0.0,17850.0,1.0,22.20000000000001,0.0,1.0,2010-12-02 09:42:00,Month_12,22.20000000000001,0,0.0,0.0,22.20000000000001,0.0,0.0,0.0,0.0,0.0,0.0,0.0,22.20000000000001,22.20000000000001,0.0,Weekday_3_Thursday,0.0,22.20000000000001
536611,0.0,15752.0,1.0,259.65,0.0,1.0613120784794603,2010-12-02 09:43:00,Month_12,259.65,0,16.8,69.9,141.3,17.700000000000006,13.95,0.0,0.0,15.0,0.0,0.0,259.65,244.65,15.0,Weekday_3_Thursday,0.0,259.65
536612,0.0,17850.0,1.0,206.76,0.0,0.9913693901035672,2010-12-02 09:44:00,Month_12,206.76,0,0.0,25.44,53.1,94.52,33.7,0.0,0.0,-1.8000000000000007,0.0,0.0,206.76,208.56,-1.8000000000000007,Weekday_3_Thursday,0.0,206.76
536614,0.0,17850.0,1.0,22.20000000000001,0.0,1.0,2010-12-02 09:44:00,Month_12,22.20000000000001,0,0.0,0.0,22.20000000000001,0.0,0.0,0.0,0.0,0.0,0.0,0.0,22.20000000000001,22.20000000000001,0.0,Weekday_3_Thursday,0.0,22.20000000000001
536613,0.0,17855.0,1.0,208.97,0.0,1.0116183376095271,2010-12-02 09:44:00,Month_12,208.97,0,60.72,45.0,63.3,30.0,9.95,0.0,0.0,2.400000000000004,0.0,0.0,208.97,206.57,2.400000000000004,Weekday_3_Thursday,0.0,208.97
536615,0.0,14047.0,1.0,286.92,0.0,1.0235445205479452,2010-12-02 10:09:00,Month_12,286.92,0,13.919999999999998,0.0,61.8,37.2,174.0,0.0,0.0,0.0,3.200000000000003,3.3999999999999986,286.92,280.32,6.600000000000001,Weekday_3_Thursday,0.0,286.92
536616,0.0,17925.0,1.0,244.08,0.0,1.0,2010-12-02 10:10:00,Month_12,244.08,0,0.0,0.0,0.0,244.08,0.0,0.0,0.0,0.0,0.0,0.0,244.08,244.08,0.0,Weekday_3_Thursday,0.0,244.08
536617,0.0,13941.0,1.0,1095.12,0.0,0.8321580547112462,2010-12-02 10:17:00,Month_12,1095.12,0,40.32,225.0,289.2000000000001,397.8,142.8,0.0,-26.399999999999984,-139.20000000000002,-36.080000000000055,-19.19999999999999,1095.12,1316.0,-220.88000000000005,Weekday_3_Thursday,0.0,1095.12
536618,0.0,17017.0,1.0,780.1200000000001,0.0,1.0080632656225772,2010-12-02 10:17:00,Month_12,780.1200000000001,0,164.51999999999995,236.4,277.2,0.0,102.0,6.239999999999995,16.799999999999994,0.0,0.0,-16.800000000000008,780.1200000000001,773.8800000000001,6.239999999999981,Weekday_3_Thursday,0.0,780.1200000000001
536619,0.0,17017.0,1.0,97.2,0.0,0.9418604651162792,2010-12-02 10:18:00,Month_12,97.2,0,0.0,52.2,0.0,45.0,0.0,0.0,0.0,0.0,-6.0,0.0,97.2,103.2,-6.0,Weekday_3_Thursday,0.0,97.2
536620,0.0,14135.0,1.0,485.24999999999983,0.0,0.9395875689805401,2010-12-02 10:27:00,Month_12,485.24999999999983,0,355.19999999999993,47.4,32.4,35.40000000000001,14.85,-31.20000000000001,0.0,0.0,0.0,0.0,485.24999999999983,516.4499999999998,-31.20000000000001,Weekday_3_Thursday,0.0,485.24999999999983
536621,0.0,13108.0,1.0,350.06,0.0,1.0300123580297769,2010-12-02 10:35:00,Month_12,350.06,0,135.96,92.3,19.8,0.0,102.0,0.0,0.0,0.0,0.0,10.199999999999989,350.06,339.86,10.199999999999989,Weekday_3_Thursday,0.0,350.06
536623,0.0,15601.0,1.0,768.3800000000001,0.0,1.0231152299539292,2010-12-02 10:39:00,Month_12,768.3800000000001,0,172.48000000000005,277.8,110.1,53.10000000000001,154.9,0.0,4.559999999999999,4.800000000000008,0.0,8.0,768.3800000000001,751.0200000000003,17.360000000000007,Weekday_3_Thursday,0.0,768.3800000000001
536624,0.0,13418.0,1.0,610.6399999999999,0.0,0.9996071241487692,2010-12-02 10:45:00,Month_12,610.6399999999999,0,13.2,59.9,101.1,356.94,79.5,3.120000000000001,0.0,2.400000000000004,-5.759999999999998,0.0,610.6399999999999,610.8799999999999,-0.2399999999999931,Weekday_3_Thursday,0.0,610.6399999999999
536626,0.0,13418.0,1.0,12.6,0.0,1.0,2010-12-02 10:46:00,Month_12,12.6,0,0.0,0.0,12.6,0.0,0.0,0.0,0.0,0.0,0.0,0.0,12.6,12.6,0.0,Weekday_3_Thursday,0.0,12.6
C536625,-29.9,14766.0,1.0,-29.9,0.0,1.0,2010-12-02 10:46:00,Month_12,-29.9,0,0.0,0.0,0.0,0.0,-29.9,0.0,0.0,0.0,0.0,0.0,-29.9,-29.9,0.0,Weekday_3_Thursday,0.0,-29.9
536627,0.0,15658.0,1.0,306.2,0.0,1.0344594594594594,2010-12-02 10:53:00,Month_12,306.2,0,0.0,17.4,0.0,86.60000000000002,202.2,0.0,0.0,0.0,0.0,10.200000000000003,306.2,296.0,10.200000000000003,Weekday_3_Thursday,0.0,306.2
536628,0.0,17850.0,1.0,230.56,0.0,0.992253399896712,2010-12-02 10:54:00,Month_12,230.56,0,0.0,25.44,53.1,103.02,49.0,0.0,0.0,-1.8000000000000007,0.0,0.0,230.56,232.36,-1.8000000000000007,Weekday_3_Thursday,0.0,230.56
536629,0.0,17850.0,1.0,22.20000000000001,0.0,1.0,2010-12-02 10:55:00,Month_12,22.20000000000001,0,0.0,0.0,22.20000000000001,0.0,0.0,0.0,0.0,0.0,0.0,0.0,22.20000000000001,22.20000000000001,0.0,Weekday_3_Thursday,0.0,22.20000000000001
536630,0.0,17850.0,1.0,244.46,0.0,0.9926906521562576,2010-12-02 10:56:00,Month_12,244.46,0,0.0,25.44,53.1,103.02,62.90000000000001,0.0,0.0,-1.8000000000000007,0.0,0.0,244.46,246.26,-1.8000000000000007,Weekday_3_Thursday,0.0,244.46
536631,0.0,17850.0,1.0,22.20000000000001,0.0,1.0,2010-12-02 10:58:00,Month_12,22.20000000000001,0,0.0,0.0,22.20000000000001,0.0,0.0,0.0,0.0,0.0,0.0,0.0,22.20000000000001,22.20000000000001,0.0,Weekday_3_Thursday,0.0,22.20000000000001
536632,0.0,14388.0,1.0,312.8,0.0,1.029556974524389,2010-12-02 11:02:00,Month_12,312.8,0,28.9,74.9,111.0,62.25000000000001,35.75,0.0,2.28,3.0,3.700000000000003,0.0,312.8,303.82000000000005,8.980000000000002,Weekday_3_Thursday,0.0,312.8
536633,0.0,14901.0,1.0,204.15,0.0,1.0199850112415692,2010-12-02 11:20:00,Month_12,204.15,0,41.40000000000001,16.2,32.05,65.55,48.95,0.0,0.0,4.0,0.0,0.0,204.15,200.15,4.0,Weekday_3_Thursday,0.0,204.15
536634,0.0,18041.0,1.0,193.78,0.0,1.0643743820718443,2010-12-02 11:21:00,Month_12,193.78,0,73.17999999999998,40.4,45.2,14.75,20.25,10.919999999999995,0.0,0.8000000000000007,0.0,0.0,193.78,182.06,11.719999999999995,Weekday_3_Thursday,0.0,193.78
536635,0.0,15955.0,1.0,572.38,0.0,0.9961017716055828,2010-12-02 11:22:00,Month_12,572.38,0,0.0,113.28,189.0,95.6,174.5,0.0,-9.119999999999996,0.0,6.879999999999999,0.0,572.38,574.62,-2.2399999999999984,Weekday_3_Thursday,0.0,572.38
536636,0.0,15070.0,1.0,106.2,0.0,1.156862745098039,2010-12-02 11:23:00,Month_12,106.2,0,0.0,0.0,106.2,0.0,0.0,0.0,0.0,14.400000000000004,0.0,0.0,106.2,91.8,14.400000000000004,Weekday_3_Thursday,0.0,106.2
536637,0.0,18041.0,1.0,219.66,0.0,1.0149239939010306,2010-12-02 11:35:00,Month_12,219.66,0,70.11,29.95,39.0,18.95,61.65000000000001,0.2600000000000001,0.9699999999999998,1.0,0.0,1.0,219.66,216.42999999999995,3.2299999999999995,Weekday_3_Thursday,0.0,219.66
536638,0.0,16244.0,1.0,1056.63,0.0,1.0060939032402425,2010-12-02 11:41:00,Month_12,1056.63,0,160.2,214.4,222.93,252.3,206.80000000000004,0.0,2.3999999999999986,0.0,4.0,0.0,1056.63,1050.23,6.399999999999999,Weekday_3_Thursday,0.0,1056.63
536639,0.0,15111.0,1.0,288.5,0.0,1.0465791192048175,2010-12-02 11:45:00,Month_12,288.5,0,0.0,32.4,116.1,47.7,92.3,0.0,0.0,9.0,1.4399999999999995,2.4000000000000004,288.5,275.66,12.84,Weekday_3_Thursday,0.0,288.5
536641,0.0,12748.0,1.0,4.25,0.0,1.0,2010-12-02 11:46:00,Month_12,4.25,0,0.0,0.0,0.0,4.25,0.0,0.0,0.0,0.0,0.0,0.0,4.25,4.25,0.0,Weekday_3_Thursday,0.0,4.25
C536642,-5.95,14390.0,1.0,-5.95,0.0,1.0,2010-12-02 11:56:00,Month_12,-5.95,0,0.0,0.0,0.0,0.0,-5.95,0.0,0.0,0.0,0.0,0.0,-5.95,-5.95,0.0,Weekday_3_Thursday,0.0,-5.95
536643,0.0,14390.0,1.0,223.7,0.0,1.0067506750675068,2010-12-02 11:57:00,Month_12,223.7,0,11.9,7.05,34.95,112.25,57.55,0.0,0.0,1.5000000000000004,0.0,0.0,223.7,222.2,1.5000000000000004,Weekday_3_Thursday,0.0,223.7
536663,0.0,16546.0,2.0,0.0,299.4,1.0417536534446763,2010-12-02 12:07:00,Month_12,299.4,0,13.2,0.0,286.2000000000001,0.0,0.0,0.0,0.0,12.0,0.0,0.0,299.4,287.4,12.0,Weekday_3_Thursday,0.0,299.4
536667,0.0,15260.0,2.0,0.0,362.5,1.0624890087343923,2010-12-02 12:09:00,Month_12,362.5,0,132.60000000000002,0.0,86.10000000000002,72.9,70.9,0.0,0.0,9.600000000000016,4.520000000000001,7.200000000000002,362.5,341.18,21.320000000000018,Weekday_3_Thursday,0.0,362.5
536670,0.0,15260.0,2.0,0.0,58.0,1.0,2010-12-02 12:09:00,Month_12,58.0,0,0.0,58.0,0.0,0.0,0.0,0.0,0.0,0.0,0.0,0.0,58.0,58.0,0.0,Weekday_3_Thursday,0.0,58.0
536671,0.0,13305.0,2.0,0.0,136.2,1.0,2010-12-02 12:10:00,Month_12,136.2,0,81.6,15.0,39.6,0.0,0.0,0.0,0.0,0.0,0.0,0.0,136.2,136.2,0.0,Weekday_3_Thursday,0.0,136.2
536672,0.0,14491.0,2.0,0.0,127.2,1.0,2010-12-02 12:10:00,Month_12,127.2,0,0.0,0.0,46.8,32.7,47.7,0.0,0.0,0.0,0.0,0.0,127.2,127.2,0.0,Weekday_3_Thursday,0.0,127.2
536673,0.0,14060.0,2.0,0.0,339.8400000000001,0.9206762028608584,2010-12-02 12:11:00,Month_12,339.8400000000001,0,243.96,95.88,0.0,0.0,0.0,-20.16,-9.119999999999996,0.0,0.0,0.0,339.8400000000001,369.12,-29.279999999999994,Weekday_3_Thursday,0.0,339.8400000000001
536674,0.0,15923.0,2.0,0.0,127.08,1.0231060301102972,2010-12-02 12:16:00,Month_12,127.08,0,35.13,18.45,27.9,15.0,30.6,0.0,0.0,2.870000000000001,0.0,0.0,127.08,124.21,2.870000000000001,Weekday_3_Thursday,0.0,127.08
536676,0.0,16752.0,2.0,0.0,207.5,1.0,2010-12-02 12:18:00,Month_12,207.5,0,10.2,17.4,32.4,17.700000000000006,129.8,0.0,0.0,0.0,0.0,0.0,207.5,207.5,0.0,Weekday_3_Thursday,0.0,207.5
536681,0.0,17287.0,2.0,0.0,113.92,1.0619931015195303,2010-12-02 12:22:00,Month_12,113.92,0,0.0,13.75,58.67,3.25,38.25,0.0,0.0,0.75,0.5,5.400000000000006,113.92,107.26999999999998,6.650000000000006,Weekday_3_Thursday,0.0,113.92
536685,0.0,17850.0,2.0,0.0,380.46,0.9952911630827188,2010-12-02 12:23:00,Month_12,380.46,0,0.0,25.44,68.39999999999999,136.92000000000002,149.7,0.0,0.0,-1.8000000000000007,0.0,0.0,380.46,382.26,-1.8000000000000007,Weekday_3_Thursday,0.0,380.46
536688,0.0,17850.0,2.0,0.0,22.20000000000001,1.0,2010-12-02 12:24:00,Month_12,22.20000000000001,0,0.0,0.0,22.20000000000001,0.0,0.0,0.0,0.0,0.0,0.0,0.0,22.20000000000001,22.20000000000001,0.0,Weekday_3_Thursday,0.0,22.20000000000001
536690,0.0,17850.0,2.0,0.0,331.26,0.9945955683660601,2010-12-02 12:25:00,Month_12,331.26,0,0.0,25.44,53.1,103.02,149.70000000000005,0.0,0.0,-1.8000000000000007,0.0,0.0,331.26,333.06,-1.8000000000000007,Weekday_3_Thursday,0.0,331.26
536693,0.0,17850.0,2.0,0.0,22.20000000000001,1.0,2010-12-02 12:26:00,Month_12,22.20000000000001,0,0.0,0.0,22.20000000000001,0.0,0.0,0.0,0.0,0.0,0.0,0.0,22.20000000000001,22.20000000000001,0.0,Weekday_3_Thursday,0.0,22.20000000000001
536698,0.0,15363.0,2.0,0.0,326.0,1.0,2010-12-02 12:28:00,Month_12,326.0,0,20.4,0.0,141.6,100.55,63.45,0.0,0.0,0.0,0.0,0.0,326.0,326.0,0.0,Weekday_3_Thursday,0.0,326.0
536707,0.0,12915.0,2.0,0.0,199.65,1.0183626625860749,2010-12-02 12:33:00,Month_12,199.65,0,0.0,0.0,36.0,37.5,126.15000000000002,0.0,0.0,0.0,0.0,3.6000000000000014,199.65,196.05,3.6000000000000014,Weekday_3_Thursday,0.0,199.65
536732,0.0,15544.0,2.0,0.0,354.54,1.041233480176211,2010-12-02 12:47:00,Month_12,354.54,0,123.6,50.0,95.44,60.0,25.5,5.6400000000000015,0.0,4.800000000000008,0.0,3.6000000000000014,354.54,340.5,14.04000000000001,Weekday_3_Thursday,0.0,354.54
536733,0.0,15738.0,2.0,0.0,329.6500000000001,1.0230905310201424,2010-12-02 12:50:00,Month_12,329.6500000000001,0,126.0,10.0,126.90000000000002,17.700000000000006,49.05,5.039999999999999,0.0,2.400000000000004,0.0,0.0,329.6500000000001,322.2100000000001,7.440000000000002,Weekday_3_Thursday,0.0,329.6500000000001
C536734,-24.95,16042.0,2.0,0.0,-24.95,1.1642557162855809,2010-12-02 12:50:00,Month_12,-24.95,0,0.0,0.0,0.0,-17.0,-7.95,0.0,0.0,0.0,-3.52,0.0,-24.95,-21.43,-3.52,Weekday_3_Thursday,0.0,-24.95
536735,0.0,17381.0,2.0,0.0,211.2,0.8461538461538461,2010-12-02 12:58:00,Month_12,211.2,0,0.0,0.0,211.2,0.0,0.0,0.0,0.0,-38.40000000000001,0.0,0.0,211.2,249.6,-38.40000000000001,Weekday_3_Thursday,0.0,211.2
536736,0.0,17381.0,2.0,0.0,824.88,0.932447097124254,2010-12-02 12:59:00,Month_12,824.88,0,358.32,228.96,237.6,0.0,0.0,-18.72,-41.03999999999999,0.0,0.0,0.0,824.88,884.64,-59.75999999999999,Weekday_3_Thursday,0.0,824.88
C536737,-5.9,15922.0,2.0,0.0,-5.9,1.0,2010-12-02 13:05:00,Month_12,-5.9,0,0.0,0.0,0.0,-5.9,0.0,0.0,0.0,0.0,0.0,0.0,-5.9,-5.9,0.0,Weekday_3_Thursday,0.0,-5.9
536738,0.0,15827.0,2.0,0.0,98.18,1.0250574232616414,2010-12-02 13:06:00,Month_12,98.18,0,10.08,0.0,17.700000000000006,17.700000000000006,52.7,0.0,0.0,2.400000000000004,0.0,0.0,98.18,95.78,2.400000000000004,Weekday_3_Thursday,0.0,98.18
536739,0.0,14180.0,2.0,0.0,201.75,1.0120391271632805,2010-12-02 13:08:00,Month_12,201.75,0,0.0,0.0,0.0,35.40000000000001,166.35,0.0,0.0,0.0,0.0,2.4000000000000004,201.75,199.35,2.4000000000000004,Weekday_3_Thursday,0.0,201.75
536740,0.0,15827.0,2.0,0.0,92.75,1.0348097735133326,2010-12-02 13:08:00,Month_12,92.75,0,20.4,49.8,12.6,0.0,9.95,3.119999999999997,0.0,0.0,0.0,0.0,92.75,89.63,3.119999999999997,Weekday_3_Thursday,0.0,92.75
536741,0.0,13117.0,2.0,0.0,202.12,1.0,2010-12-02 13:11:00,Month_12,202.12,0,10.2,75.0,82.21999999999998,34.7,0.0,0.0,0.0,0.0,0.0,0.0,202.12,202.12,0.0,Weekday_3_Thursday,0.0,202.12
536742,0.0,16916.0,2.0,0.0,196.43,1.0107023411371236,2010-12-02 13:14:00,Month_12,196.43,0,14.159999999999998,20.63,74.04,40.4,47.2,0.0,0.8799999999999999,1.200000000000001,0.0,0.0,196.43,194.35,2.080000000000001,Weekday_3_Thursday,0.0,196.43
536743,0.0,17964.0,2.0,0.0,261.76,1.0194734382302542,2010-12-02 13:32:00,Month_12,261.76,0,59.86000000000001,2.5,41.40000000000001,26.25,131.75,0.0,0.0,0.0,0.0,5.0,261.76,256.76,5.0,Weekday_3_Thursday,0.0,261.76
536744,0.0,14466.0,2.0,0.0,379.75,0.9890610756608934,2010-12-02 13:36:00,Month_12,379.75,0,0.0,0.0,224.7,0.0,155.05,0.0,0.0,-15.0,0.0,10.800000000000011,379.75,383.95,-4.199999999999989,Weekday_3_Thursday,0.0,379.75
536745,0.0,17235.0,2.0,0.0,341.9,1.0,2010-12-02 13:38:00,Month_12,341.9,0,10.2,0.0,122.1,82.4,127.2,0.0,0.0,0.0,0.0,0.0,341.9,341.9,0.0,Weekday_3_Thursday,0.0,341.9
536746,0.0,16510.0,2.0,0.0,248.1,1.0167199409884435,2010-12-02 13:39:00,Month_12,248.1,0,0.0,62.4,62.4,0.0,123.29999999999998,0.0,2.28,0.0,0.0,1.8000000000000007,248.1,244.02,4.08,Weekday_3_Thursday,0.0,248.1
536747,0.0,17802.0,2.0,0.0,100.20000000000002,1.0693703308431164,2010-12-02 13:44:00,Month_12,100.20000000000002,0,10.5,22.5,67.20000000000002,0.0,0.0,0.0,0.0,6.5,0.0,0.0,100.20000000000002,93.70000000000002,6.5,Weekday_3_Thursday,0.0,100.20000000000002
536748,0.0,15107.0,2.0,0.0,116.0,1.0,2010-12-02 13:45:00,Month_12,116.0,0,10.2,0.0,0.0,15.0,90.8,0.0,0.0,0.0,0.0,0.0,116.0,116.0,0.0,Weekday_3_Thursday,0.0,116.0
536749,0.0,17976.0,2.0,0.0,321.79,1.0187096365708497,2010-12-02 13:49:00,Month_12,321.79,0,7.8,9.1,50.040000000000006,71.5,183.35,0.2600000000000001,0.18999999999999995,1.8900000000000008,0.7199999999999998,2.85,321.79,315.88,5.91,Weekday_3_Thursday,0.0,321.79
536750,0.0,17850.0,2.0,0.0,434.8,0.98237686398554,2010-12-02 14:04:00,Month_12,434.8,0,0.0,25.44,68.39999999999999,131.86,209.1,0.0,0.0,-1.8000000000000007,0.0,-6.0,434.8,442.6,-7.8000000000000025,Weekday_3_Thursday,0.0,434.8
536751,0.0,17850.0,2.0,0.0,22.20000000000001,1.0,2010-12-02 14:05:00,Month_12,22.20000000000001,0,0.0,0.0,22.20000000000001,0.0,0.0,0.0,0.0,0.0,0.0,0.0,22.20000000000001,22.20000000000001,0.0,Weekday_3_Thursday,0.0,22.20000000000001
536752,0.0,17850.0,2.0,0.0,390.66,0.9804246348441498,2010-12-02 14:06:00,Month_12,390.66,0,0.0,25.44,53.1,103.02,209.1,0.0,0.0,-1.8000000000000007,0.0,-6.0,390.66,398.46,-7.8000000000000025,Weekday_3_Thursday,0.0,390.66
536753,0.0,17850.0,2.0,0.0,22.20000000000001,1.0,2010-12-02 14:07:00,Month_12,22.20000000000001,0,0.0,0.0,22.20000000000001,0.0,0.0,0.0,0.0,0.0,0.0,0.0,22.20000000000001,22.20000000000001,0.0,Weekday_3_Thursday,0.0,22.20000000000001
536754,0.0,14449.0,2.0,0.0,210.24,1.0221703617269544,2010-12-02 14:09:00,Month_12,210.24,0,45.40000000000001,29.34,82.15,53.35,0.0,0.3899999999999997,1.2099999999999995,2.6000000000000014,0.3599999999999999,0.0,210.24,205.68,4.5600000000000005,Weekday_3_Thursday,0.0,210.24
C536757,-280.8,15838.0,2.0,0.0,-280.8,0.011764705882352941,2010-12-02 14:23:00,Month_12,-280.8,0,0.0,0.0,-280.8,0.0,0.0,0.0,0.0,23587.2,0.0,0.0,-280.8,-23868.0,23587.2,Weekday_3_Thursday,0.0,-280.8
C536758,-2.1,13767.0,2.0,0.0,-2.1,1.0,2010-12-02 14:25:00,Month_12,-2.1,1,0.0,0.0,-2.1,0.0,0.0,0.0,0.0,0.0,0.0,0.0,-2.1,-2.1,0.0,Weekday_3_Thursday,0.0,-2.1
536759,0.0,16781.0,2.0,0.0,311.25,1.0304585333554048,2010-12-02 14:26:00,Month_12,311.25,0,10.2,30.0,92.4,32.7,145.95000000000005,0.0,0.0,2.400000000000004,0.0,6.8000000000000025,311.25,302.0499999999999,9.200000000000003,Weekday_3_Thursday,0.0,311.25
C536760,-11.8,17547.0,2.0,0.0,-11.8,1.0,2010-12-02 14:29:00,Month_12,-11.8,0,0.0,0.0,0.0,-11.8,0.0,0.0,0.0,0.0,0.0,0.0,-11.8,-11.8,0.0,Weekday_3_Thursday,0.0,-11.8
536761,0.0,13491.0,2.0,0.0,98.89999999999998,1.0,2010-12-02 14:30:00,Month_12,98.89999999999998,0,0.0,15.0,28.20000000000001,15.0,40.7,0.0,0.0,0.0,0.0,0.0,98.89999999999998,98.89999999999998,0.0,Weekday_3_Thursday,0.0,98.89999999999998
536762,0.0,16186.0,2.0,0.0,307.68,1.0243707550938874,2010-12-02 14:40:00,Month_12,307.68,0,61.98,79.8,64.8,65.4,35.7,0.0,2.28,5.039999999999999,0.0,0.0,307.68,300.36,7.3199999999999985,Weekday_3_Thursday,0.0,307.68
536763,0.0,17685.0,2.0,0.0,452.52,1.0402758620689654,2010-12-02 14:42:00,Month_12,452.52,0,85.02,189.0,76.5,102.0,0.0,0.0,0.0,7.2000000000000135,10.32000000000001,0.0,452.52,435.0,17.520000000000017,Weekday_3_Thursday,0.0,452.52
536769,0.0,17581.0,2.0,0.0,668.4,1.04614036186064,2010-12-02 14:47:00,Month_12,668.4,0,101.2,109.6,257.4,134.9,65.3,8.16,2.3999999999999986,14.400000000000004,4.520000000000001,0.0,668.4,638.92,29.480000000000004,Weekday_3_Thursday,0.0,668.4
536771,0.0,17581.0,2.0,0.0,118.38,1.0249350649350648,2010-12-02 14:49:00,Month_12,118.38,0,0.0,67.68,25.20000000000001,25.5,0.0,0.0,2.879999999999999,0.0,0.0,0.0,118.38,115.5,2.879999999999999,Weekday_3_Thursday,0.0,118.38
536777,0.0,15732.0,2.0,0.0,138.1,1.0454201362604087,2010-12-02 15:00:00,Month_12,138.1,0,26.1,0.0,78.0,34.0,0.0,0.0,0.0,6.0,0.0,0.0,138.1,132.1,6.0,Weekday_3_Thursday,0.0,138.1
536778,0.0,13138.0,2.0,0.0,193.23,1.0119402985074626,2010-12-02 15:03:00,Month_12,193.23,0,32.68,62.4,12.6,57.75,27.8,0.0,2.28,0.0,0.0,0.0,193.23,190.95,2.28,Weekday_3_Thursday,0.0,193.23
536781,0.0,17460.0,2.0,0.0,50.40000000000001,1.135135135135135,2010-12-02 15:14:00,Month_12,50.40000000000001,0,0.0,0.0,50.40000000000001,0.0,0.0,0.0,0.0,6.0,0.0,0.0,50.40000000000001,44.40000000000001,6.0,Weekday_3_Thursday,0.0,50.40000000000001
536782,0.0,17567.0,2.0,0.0,517.95,1.0208123928339148,2010-12-02 15:18:00,Month_12,517.95,0,10.2,221.9,61.8,0.0,224.05,1.5599999999999987,7.1999999999999975,0.0,0.0,1.8000000000000007,517.95,507.39,10.559999999999997,Weekday_3_Thursday,0.0,517.95
536783,0.0,15061.0,2.0,0.0,4076.48,0.892246945574092,2010-12-02 15:19:00,Month_12,4076.48,0,681.5,307.5,956.4,519.18,1611.9,-76.5,0.0,-211.8,-48.000000000000036,-156.0,4076.48,4568.78,-492.3,Weekday_3_Thursday,0.0,4076.48
536784,0.0,15061.0,2.0,0.0,2170.9,0.8699328385721384,2010-12-02 15:20:00,Month_12,2170.9,0,250.00000000000003,135.0,805.8,91.8,888.3000000000003,-18.579999999999995,0.0,-231.6,-14.400000000000027,-60.0,2170.9,2495.48,-324.5800000000001,Weekday_3_Thursday,0.0,2170.9
536785,0.0,15061.0,2.0,0.0,2730.96,0.9458852867830424,2010-12-02 15:22:00,Month_12,2730.96,0,0.0,478.96,675.2,0.0,1576.8,0.0,-41.03999999999999,-115.19999999999996,0.0,0.0,2730.96,2887.2,-156.23999999999995,Weekday_3_Thursday,0.0,2730.96
536786,0.0,15061.0,2.0,0.0,324.0,1.0,2010-12-02 15:23:00,Month_12,324.0,0,0.0,120.0,0.0,204.0,0.0,0.0,0.0,0.0,0.0,0.0,324.0,324.0,0.0,Weekday_3_Thursday,0.0,324.0
536787,0.0,17850.0,2.0,0.0,192.46000000000004,1.0,2010-12-02 15:24:00,Month_12,192.46000000000004,0,0.0,25.44,43.2,108.52,15.3,0.0,0.0,0.0,0.0,0.0,192.46000000000004,192.46000000000004,0.0,Weekday_3_Thursday,0.0,192.46000000000004
536789,0.0,17850.0,2.0,0.0,22.20000000000001,1.0,2010-12-02 15:25:00,Month_12,22.20000000000001,0,0.0,0.0,22.20000000000001,0.0,0.0,0.0,0.0,0.0,0.0,0.0,22.20000000000001,22.20000000000001,0.0,Weekday_3_Thursday,0.0,22.20000000000001
536788,0.0,15061.0,2.0,0.0,75.0,1.0,2010-12-02 15:25:00,Month_12,75.0,0,0.0,75.0,0.0,0.0,0.0,0.0,0.0,0.0,0.0,0.0,75.0,75.0,0.0,Weekday_3_Thursday,0.0,75.0
536790,0.0,17850.0,2.0,0.0,532.01,0.9977494795671498,2010-12-02 15:26:00,Month_12,532.01,0,0.0,38.16,63.3,185.7,244.85,0.0,0.0,4.800000000000008,0.0,-6.0,532.01,533.21,-1.1999999999999922,Weekday_3_Thursday,0.0,532.01
536791,0.0,17850.0,2.0,0.0,44.40000000000001,1.0,2010-12-02 15:27:00,Month_12,44.40000000000001,0,0.0,0.0,44.40000000000001,0.0,0.0,0.0,0.0,0.0,0.0,0.0,44.40000000000001,44.40000000000001,0.0,Weekday_3_Thursday,0.0,44.40000000000001
536792,0.0,15061.0,2.0,0.0,30.0,1.0,2010-12-02 15:28:00,Month_12,30.0,0,0.0,30.0,0.0,0.0,0.0,0.0,0.0,0.0,0.0,0.0,30.0,30.0,0.0,Weekday_3_Thursday,0.0,30.0
536793,0.0,16203.0,2.0,0.0,170.7,1.0135375846099035,2010-12-02 15:39:00,Month_12,170.7,0,10.2,30.0,0.0,130.5,0.0,0.0,2.28,0.0,0.0,0.0,170.7,168.42000000000004,2.28,Weekday_3_Thursday,0.0,170.7
536795,0.0,15640.0,2.0,0.0,333.72,1.0372995151063036,2010-12-02 15:40:00,Month_12,333.72,0,13.919999999999998,0.0,284.4,35.40000000000001,0.0,0.0,0.0,12.0,0.0,0.0,333.72,321.72,12.0,Weekday_3_Thursday,0.0,333.72
536794,0.0,13767.0,2.0,0.0,322.7999999999999,1.018939393939394,2010-12-02 15:40:00,Month_12,322.7999999999999,0,0.0,0.0,50.40000000000001,272.4,0.0,0.0,0.0,0.0,6.0,0.0,322.7999999999999,316.7999999999999,6.0,Weekday_3_Thursday,0.0,322.7999999999999
536796,0.0,15574.0,2.0,0.0,349.04,1.0186784963810414,2010-12-02 15:46:00,Month_12,349.04,0,15.529999999999996,46.45,122.96000000000004,59.75000000000001,104.35,0.33,5.2,0.16999999999999993,0.7000000000000002,0.0,349.04,342.64,6.4,Weekday_3_Thursday,0.0,349.04
536797,0.0,16770.0,2.0,0.0,130.8,1.1010101010101008,2010-12-02 15:49:00,Month_12,130.8,0,0.0,0.0,100.8,30.0,0.0,0.0,0.0,12.0,0.0,0.0,130.8,118.8,12.0,Weekday_3_Thursday,0.0,130.8
536798,0.0,17838.0,2.0,0.0,684.46,1.012335088445838,2010-12-02 15:55:00,Month_12,684.46,0,143.1,92.1,258.36,67.4,123.5,0.0,1.1399999999999997,0.0,0.0,7.200000000000002,684.46,676.1200000000001,8.340000000000002,Weekday_3_Thursday,0.0,684.46
536799,0.0,17228.0,2.0,0.0,183.3,1.0391156462585032,2010-12-02 16:00:00,Month_12,183.3,0,27.300000000000004,7.5,148.5,0.0,0.0,0.0,0.0,6.9,0.0,0.0,183.3,176.4,6.9,Weekday_3_Thursday,0.0,183.3
536800,0.0,14829.0,2.0,0.0,236.97,1.0,2010-12-02 16:12:00,Month_12,236.97,0,40.32,82.19999999999997,26.1,70.5,17.85,0.0,0.0,0.0,0.0,0.0,236.97,236.97,0.0,Weekday_3_Thursday,0.0,236.97
536802,0.0,17412.0,2.0,0.0,197.3,1.0457966712604687,2010-12-02 16:29:00,Month_12,197.3,0,0.0,0.0,36.3,61.1,99.9,0.0,0.0,0.0,8.64,0.0,197.3,188.66,8.64,Weekday_3_Thursday,0.0,197.3
536804,0.0,14031.0,2.0,0.0,1714.25,0.9584686865750084,2010-12-02 16:34:00,Month_12,1714.25,0,0.0,180.82,81.12,816.21,636.1,0.0,0.0,0.0,-40.08000000000001,-34.19999999999999,1714.25,1788.53,-74.28,Weekday_3_Thursday,0.0,1714.25
536805,0.0,14775.0,2.0,0.0,406.56,1.0186410102224894,2010-12-02 16:38:00,Month_12,406.56,0,148.08,137.88,120.6,0.0,0.0,0.0,7.439999999999998,0.0,0.0,0.0,406.56,399.12,7.439999999999998,Weekday_3_Thursday,0.0,406.56
536806,0.0,12971.0,2.0,0.0,45.12,1.0,2010-12-02 16:42:00,Month_12,45.12,0,45.12,0.0,0.0,0.0,0.0,0.0,0.0,0.0,0.0,0.0,45.12,45.12,0.0,Weekday_3_Thursday,0.0,45.12
C536807,-23.85,15834.0,2.0,0.0,-23.85,1.0,2010-12-02 16:45:00,Month_12,-23.85,0,0.0,0.0,0.0,-3.95,-19.9,0.0,0.0,0.0,0.0,0.0,-23.85,-23.85,0.0,Weekday_3_Thursday,0.0,-23.85
536808,0.0,17659.0,2.0,0.0,247.8,1.0318121252498336,2010-12-02 16:46:00,Month_12,247.8,0,0.0,15.0,17.700000000000006,137.7,77.39999999999998,0.0,0.0,2.400000000000004,1.4399999999999995,3.8000000000000007,247.8,240.16,7.640000000000002,Weekday_3_Thursday,0.0,247.8
536809,0.0,15299.0,2.0,0.0,1003.2,1.0,2010-12-02 16:48:00,Month_12,1003.2,0,1003.2,0.0,0.0,0.0,0.0,0.0,0.0,0.0,0.0,0.0,1003.2,1003.2,0.0,Weekday_3_Thursday,0.0,1003.2
536810,0.0,15299.0,2.0,0.0,303.96,0.8816568047337278,2010-12-02 16:50:00,Month_12,303.96,0,0.0,0.0,303.96,0.0,0.0,0.0,0.0,-40.80000000000001,0.0,0.0,303.96,344.76,-40.80000000000001,Weekday_3_Thursday,0.0,303.96
536811,0.0,15299.0,2.0,0.0,527.85,1.0,2010-12-02 16:51:00,Month_12,527.85,0,0.0,0.0,0.0,0.0,527.85,0.0,0.0,0.0,0.0,0.0,527.85,527.85,0.0,Weekday_3_Thursday,0.0,527.85
C536812,-883.08,16546.0,2.0,0.0,-883.08,0.8405482581382069,2010-12-02 16:58:00,Month_12,-883.08,0,-479.88,0.0,-403.20000000000016,0.0,0.0,81.11999999999998,0.0,86.39999999999992,0.0,0.0,-883.08,-1050.6,167.5199999999999,Weekday_3_Thursday,0.0,-883.08
536813,0.0,15646.0,2.0,0.0,189.8,1.0286147843052242,2010-12-02 16:59:00,Month_12,189.8,0,55.8,32.9,48.00000000000001,53.10000000000001,0.0,0.4799999999999995,0.0,4.800000000000008,0.0,0.0,189.8,184.52,5.280000000000007,Weekday_3_Thursday,0.0,189.8
C536814,-102.45,13958.0,2.0,0.0,-102.45,1.0178837555886735,2010-12-02 17:03:00,Month_12,-102.45,0,0.0,0.0,-30.6,-17.700000000000006,-54.15,0.0,0.0,0.0,0.0,-1.8000000000000007,-102.45,-100.65,-1.8000000000000007,Weekday_3_Thursday,0.0,-102.45
C536815,-1.67,14443.0,2.0,0.0,-1.67,1.0,2010-12-02 17:05:00,Month_12,-1.67,0,-0.42,-1.25,0.0,0.0,0.0,0.0,0.0,0.0,0.0,0.0,-1.67,-1.67,0.0,Weekday_3_Thursday,0.0,-1.67
C536816,-13.9,14443.0,2.0,0.0,-13.9,1.0,2010-12-02 17:06:00,Month_12,-13.9,0,0.0,0.0,0.0,0.0,-13.9,0.0,0.0,0.0,0.0,0.0,-13.9,-13.9,0.0,Weekday_3_Thursday,0.0,-13.9
C536818,-1.25,16995.0,2.0,0.0,-1.25,1.1792452830188678,2010-12-02 17:09:00,Month_12,-1.25,0,0.0,-1.25,0.0,0.0,0.0,0.0,-0.18999999999999995,0.0,0.0,0.0,-1.25,-1.06,-0.18999999999999995,Weekday_3_Thursday,0.0,-1.25
536819,0.0,13402.0,2.0,0.0,308.2800000000001,1.0158165282720442,2010-12-02 17:12:00,Month_12,308.2800000000001,0,56.88,28.05,101.4,70.10000000000001,51.85,0.0,0.0,4.800000000000008,0.0,0.0,308.2800000000001,303.48000000000013,4.800000000000008,Weekday_3_Thursday,0.0,308.2800000000001
C536820,-16.95,18168.0,2.0,0.0,-16.95,1.0,2010-12-02 17:14:00,Month_12,-16.95,0,0.0,0.0,-6.0,0.0,-10.95,0.0,0.0,0.0,0.0,0.0,-16.95,-16.95,0.0,Weekday_3_Thursday,0.0,-16.95
536821,0.0,17757.0,2.0,0.0,143.45,1.0139959001908532,2010-12-02 17:17:00,Month_12,143.45,0,39.6,5.65,9.3,46.25,42.65000000000001,1.2800000000000002,0.0,0.0,0.7000000000000002,0.0,143.45,141.47,1.9800000000000004,Weekday_3_Thursday,0.0,143.45
C536822,-37.65,14625.0,2.0,0.0,-37.65,1.1188707280832095,2010-12-02 17:19:00,Month_12,-37.65,0,0.0,0.0,0.0,-3.75,-33.9,0.0,0.0,0.0,0.0,-4.0,-37.65,-33.65,-4.0,Weekday_3_Thursday,0.0,-37.65
536823,0.0,13011.0,2.0,0.0,50.55,1.0498442367601248,2010-12-02 17:22:00,Month_12,50.55,0,0.0,0.0,17.700000000000006,15.0,17.85,0.0,0.0,2.400000000000004,0.0,0.0,50.55,48.15,2.400000000000004,Weekday_3_Thursday,0.0,50.55
536824,0.0,13798.0,2.0,0.0,408.0,1.0,2010-12-02 17:24:00,Month_12,408.0,0,0.0,0.0,408.0,0.0,0.0,0.0,0.0,0.0,0.0,0.0,408.0,408.0,0.0,Weekday_3_Thursday,0.0,408.0
C536825,-6.65,15384.0,2.0,0.0,-6.65,1.1687170474516697,2010-12-02 17:27:00,Month_12,-6.65,0,-1.7,0.0,0.0,-4.95,0.0,-0.26,0.0,0.0,-0.7000000000000002,0.0,-6.65,-5.69,-0.9600000000000002,Weekday_3_Thursday,0.0,-6.65
C536826,-23.25,17924.0,2.0,0.0,-23.25,1.0,2010-12-02 17:30:00,Month_12,-23.25,1,0.0,0.0,0.0,0.0,-23.25,0.0,0.0,0.0,0.0,0.0,-23.25,-23.25,0.0,Weekday_3_Thursday,0.0,-23.25
C536827,-20.85,13408.0,2.0,0.0,-20.85,0.8742138364779874,2010-12-02 17:31:00,Month_12,-20.85,1,0.0,0.0,0.0,0.0,-20.85,0.0,0.0,0.0,0.0,3.0,-20.85,-23.85,3.0,Weekday_3_Thursday,0.0,-20.85
C536828,-14.5,14264.0,2.0,0.0,-14.5,1.0,2010-12-02 17:35:00,Month_12,-14.5,0,0.0,-3.75,0.0,0.0,-10.75,0.0,0.0,0.0,0.0,0.0,-14.5,-14.5,0.0,Weekday_3_Thursday,0.0,-14.5
C536829,-3.25,13295.0,2.0,0.0,-3.25,1.0,2010-12-02 17:36:00,Month_12,-3.25,0,0.0,0.0,0.0,-3.25,0.0,0.0,0.0,0.0,0.0,0.0,-3.25,-3.25,0.0,Weekday_3_Thursday,0.0,-3.25
536830,0.0,16754.0,2.0,0.0,2002.4,0.7745628964876993,2010-12-02 17:38:00,Month_12,2002.4,0,518.4,1484.0,0.0,0.0,0.0,-316.7999999999999,-266.0,0.0,0.0,0.0,2002.4,2585.2,-582.8,Weekday_3_Thursday,0.0,2002.4
536831,0.0,16029.0,2.0,0.0,569.4,0.9046711153479504,2010-12-02 17:40:00,Month_12,569.4,1,0.0,0.0,330.0,180.0,59.40000000000001,0.0,0.0,-60.0,0.0,0.0,569.4,629.4,-60.0,Weekday_3_Thursday,0.0,569.4
536832,0.0,16634.0,2.0,0.0,164.8,1.0404040404040409,2010-12-02 17:41:00,Month_12,164.8,0,0.0,45.0,17.700000000000006,56.7,45.4,0.0,0.0,2.400000000000004,4.0,0.0,164.8,158.39999999999995,6.400000000000004,Weekday_3_Thursday,0.0,164.8
536833,0.0,18239.0,2.0,0.0,438.1,1.0204034098849395,2010-12-02 17:48:00,Month_12,438.1,0,71.4,34.8,113.4,82.4,136.1,2.52,0.0,4.800000000000008,1.4399999999999995,0.0,438.1,429.34,8.760000000000009,Weekday_3_Thursday,0.0,438.1
536834,0.0,14576.0,2.0,0.0,35.40000000000001,1.0,2010-12-02 17:51:00,Month_12,35.40000000000001,0,0.0,0.0,0.0,35.40000000000001,0.0,0.0,0.0,0.0,0.0,0.0,35.40000000000001,35.40000000000001,0.0,Weekday_3_Thursday,0.0,35.40000000000001
536835,0.0,13145.0,2.0,0.0,295.0,1.0,2010-12-02 18:06:00,Month_12,295.0,0,0.0,0.0,0.0,0.0,295.0,0.0,0.0,0.0,0.0,0.0,295.0,295.0,0.0,Weekday_3_Thursday,0.0,295.0
536836,0.0,18168.0,2.0,0.0,156.54999999999995,1.0042337545705302,2010-12-02 18:08:00,Month_12,156.54999999999995,0,1.7,53.3,5.1,0.0,96.45,0.26,0.3999999999999999,0.0,0.0,0.0,156.54999999999995,155.89,0.6599999999999999,Weekday_3_Thursday,0.0,156.54999999999995
